class,difference,department,Class_Cap
"Stats 100A - Sanchez, J.",1.1421,physical,"STATS 100A - Sanchez, J."
"Anthro 132 - Boum, A.",1.109290709,social,"ANTHRO 132 - Boum, A."
"Econ 106G - Zuniga Seminario,",1.068,social,"ECON 106G - Zuniga Seminario,"
"Mgmt 120A - Lu, M.",0.997315497,other,"MGMT 120A - Lu, M."
"Math110A - Ouellette, K.R.",0.97745491,physical,"MATH110A - Ouellette, K.R."
"Ling 185A - Mayer, C.J.",0.977427582,life_science,"LING 185A - Mayer, C.J."
"Intl Dv 130 - Lofchie, M.F.",0.9612,social,"INTL DV 130 - Lofchie, M.F."
"Eps Sci 15 - Drake, J.",0.896148649,physical,"EPS SCI 15 - Drake, J."
"Chem 14C - Pham, H.V.",0.877692578,life_science,"CHEM 14C - Pham, H.V."
"Physics 5A - Bauer, D.J.",0.871528472,physical,"PHYSICS 5A - Bauer, D.J."
"Anthro 153 - Boum, A.",0.870554446,social,"ANTHRO 153 - Boum, A."
"Com sci 31 - Stahl, H.A.",0.8468,engineering,"COM SCI 31 - Stahl, H.A."
"Intl Dv 1 - Anjum, E.",0.8411,social,"INTL DV 1 - Anjum, E."
"Com sci 180 - Burgin, M.",0.837251251,engineering,"COM SCI 180 - Burgin, M."
"Mgmt 1A - Woo, E.A.",0.817200901,other,"MGMT 1A - Woo, E.A."
"Math 33B - Salazar, R.",0.811388611,physical,"MATH 33B - Salazar, R."
"Hist 97M - Woods, D.L.",0.807107107,social,"HIST 97M - Woods, D.L."
"Econ 106F - Lindsay, D.C.",0.795269725,social,"ECON 106F - Lindsay, D.C."
"Comm 114 - Suman, M.W.",0.7761,social,"COMM 114 - Suman, M.W."
"Italian 1 - Tognozzi, E.A.",0.754643287,humanities,"ITALIAN 1 - Tognozzi, E.A."
"PSYCH 129F - Lee, S.S.",0.741473526,social,"PSYCH 129F - Lee, S.S."
"MGMT 127B - GARDNER TRELOAR, J",0.7379,,"MGMT 127B - GARDNER TRELOAR, J"
"ASIA AM 50W - NUBLA, G.M.",0.719527772,,"ASIA AM 50W - NUBLA, G.M."
"COM SCI 181 - BURGIN, M.",0.712,,"COM SCI 181 - BURGIN, M."
"C&EE 103 - RUTER, M.",0.710827811,,"C&EE 103 - RUTER, M."
"PSYCH 116 - GRISHAM, W.E.",0.669024169,,"PSYCH 116 - GRISHAM, W.E."
"COM SCI 32 - AMBROSIO, E.O.",0.6639,,"COM SCI 32 - AMBROSIO, E.O."
"CHEM 14BL - HE0RY, M.M.",0.662462462,,"CHEM 14BL - HE0RY, M.M."
"NEUROSC 10 - BABIEC, W.E.",0.653634041,,"NEUROSC 10 - BABIEC, W.E."
"CHEM 14BL - PANG, J.W.",0.640327872,,"CHEM 14BL - PANG, J.W."
"MATH 177 - OZEL, E.",0.64,,"MATH 177 - OZEL, E."
"ECON 1 - ROJAS, R.R.",0.6342,,"ECON 1 - ROJAS, R.R."
"CHEM 153B - HE, C.",0.62606008,,"CHEM 153B - HE, C."
"CHEM 14CL - PANG, J.W.",0.611937912,,"CHEM 14CL - PANG, J.W."
"PSYCH 100A - BLAKE, A.B.",0.610681618,,"PSYCH 100A - BLAKE, A.B."
"ART HIS M110A - COONEY, K.M.",0.6028,,"ART HIS M110A - COONEY, K.M."
"ENGL 119 - STEFANS, B.K.",0.602737475,,"ENGL 119 - STEFANS, B.K."
"FILM TV 114 - WUEST, B.G.",0.599387375,,"FILM TV 114 - WUEST, B.G."
"CHEM 30B - REILLY, A.J.",0.596956297,,"CHEM 30B - REILLY, A.J."
"ECON 160 - MCDEVITT, E.P.",0.587274248,,"ECON 160 - MCDEVITT, E.P."
"ECON 106F - MCDEVITT, E.P.",0.584567935,,"ECON 106F - MCDEVITT, E.P."
"BIOSTAT 100A - LEE, M.L.",0.575368019,,"BIOSTAT 100A - LEE, M.L."
"EE BIOL 162 - SACK, L.",0.566651848,,"EE BIOL 162 - SACK, L."
"MECH&AE 103 - KAVEHPOUR, H.P.",0.564388811,,"MECH&AE 103 - KAVEHPOUR, H.P."
"MATH 1 - OWAKA, E.A.",0.557983507,,"MATH 1 - OWAKA, E.A."
"MATH 3C - GREENE, M.P.",0.556097197,,"MATH 3C - GREENE, M.P."
"NEUROSC 102 - LEBELLE, J.",0.55044317,,"NEUROSC 102 - LEBELLE, J."
"HIST M103A - COONEY, K.M.",0.546682766,,"HIST M103A - COONEY, K.M."
"COMM 1 - MILLER, T.E.",0.543,,"COMM 1 - MILLER, T.E."
"PSYCH 85 - MCAULIFFE, S.P.",0.532114186,,"PSYCH 85 - MCAULIFFE, S.P."
"PHYSICS 5C - WAUNG, R.T.",0.522415684,,"PHYSICS 5C - WAUNG, R.T."
"HIST 5 - STEIN, S.A.",0.522050551,,"HIST 5 - STEIN, S.A."
"HIST 191F - MOMDJIAN, M.",0.5218,,"HIST 191F - MOMDJIAN, M."
"CHEM 14CL - HE0RY, M.M.",0.517613986,,"CHEM 14CL - HE0RY, M.M."
"JAPAN 100S - NISHIJIMA, R.",0.499,,"JAPAN 100S - NISHIJIMA, R."
"CHEM 153A - GOBER, J.W.",0.493382517,,"CHEM 153A - GOBER, J.W."
"COMM 100 - BRYANT, G.A.",0.4929,,"COMM 100 - BRYANT, G.A."
"PHYSICS 1B - CORBIN, B.",0.486103103,,"PHYSICS 1B - CORBIN, B."
"ENGL 150C - LITTLE, A.L.",0.480367932,,"ENGL 150C - LITTLE, A.L."
"ANTHRO 126P - RASHIDI, J.S.",0.463218745,,"ANTHRO 126P - RASHIDI, J.S."
"STATS 10 - CHEN, M.S.",0.4621,,"STATS 10 - CHEN, M.S."
"ART HIS 154D - KUMAR, A.M.",0.459007692,,"ART HIS 154D - KUMAR, A.M."
"PHYSCI 3 - COOPER, R.H.",0.45027235,,"PHYSCI 3 - COOPER, R.H."
"GEOG 1 - ROBINSON, C.M.",0.444455856,,"GEOG 1 - ROBINSON, C.M."
"PSYCH 100B - ANKOWSKI, A.N.",0.4376,,"PSYCH 100B - ANKOWSKI, A.N."
"PSYCH 126 - TAYLOR, S.",0.433905894,,"PSYCH 126 - TAYLOR, S."
"COM SCI 111 - REIHER, P.L.",0.420955021,,"COM SCI 111 - REIHER, P.L."
"MATH 174E - LYU, H.",0.415415415,,"MATH 174E - LYU, H."
"LIFESCI 7C - GUTIERREZ, M.A.",0.409068831,,"LIFESCI 7C - GUTIERREZ, M.A."
"STATS 20 - LEW, V.",0.407987512,,"STATS 20 - LEW, V."
"ANTHRO 3 - BOUM, A.",0.4057,,"ANTHRO 3 - BOUM, A."
"AN N EA 15W - COONEY, K.M.",0.403215185,,"AN N EA 15W - COONEY, K.M."
"MGMT 1B - GARDNER TRELOAR, J",0.403,,"MGMT 1B - GARDNER TRELOAR, J"
"PSYCH 100B - FIRSTENBERG, I.",0.4018,,"PSYCH 100B - FIRSTENBERG, I."
"AF AMER 1 - PIERRE, J.",0.401629371,,"AF AMER 1 - PIERRE, J."
"ANTHRO 135 - BOUM, A.",0.398633634,,"ANTHRO 135 - BOUM, A."
"PHYSICS 1A - BELLAFARD, A.",0.390846108,,"PHYSICS 1A - BELLAFARD, A."
"HIST 1B - RUIZ, T.F.",0.390219119,,"HIST 1B - RUIZ, T.F."
"ART 133 - LOWE, N.R.",0.389010989,,"ART 133 - LOWE, N.R."
"ASIAN M60W - HAYES, M.R.",0.387985085,,"ASIAN M60W - HAYES, M.R."
"NEUROSC M145 - CHANDLER, S.H.",0.384673674,,"NEUROSC M145 - CHANDLER, S.H."
"EE BIOL 115 - DINES, J.P.",0.373469031,,"EE BIOL 115 - DINES, J.P."
"LIFESCI 30A - SHEVTSOV, J.",0.370882883,,"LIFESCI 30A - SHEVTSOV, J."
"FRNCH 3 - JANSMA, K.",0.364615385,,"FRNCH 3 - JANSMA, K."
"DIS STD M139 - TARLETON, C.E.",0.364,,"DIS STD M139 - TARLETON, C.E."
"ANTHRO 124S - SNYDER, J.K.",0.363147863,,"ANTHRO 124S - SNYDER, J.K."
"PSYCH 175 - HARRELL, S.P.",0.361939762,,"PSYCH 175 - HARRELL, S.P."
"FILM TV 122M - KELLY, R.M.",0.3614,,"FILM TV 122M - KELLY, R.M."
"POL SCI 195CE - BAWN, K.",0.359328929,,"POL SCI 195CE - BAWN, K."
"GEOG 125 - LE, T.B.",0.358191433,,"GEOG 125 - LE, T.B."
"AF AMER 6 - STREETER, C.A.",0.358,,"AF AMER 6 - STREETER, C.A."
"EDUC 413A - 0VARRO, B.A.",0.353946054,,"EDUC 413A - 0VARRO, B.A."
"PSYCH 130 - PAQUETTE-SMITH, M.",0.352205611,,"PSYCH 130 - PAQUETTE-SMITH, M."
"PHYSICS 1C - ME0CHEKANIAN, E.",0.351924752,,"PHYSICS 1C - ME0CHEKANIAN, E."
"STATS 100A - WU, Y.",0.350233766,,"STATS 100A - WU, Y."
"FRNCH 41 - JANSMA, K.",0.349190381,,"FRNCH 41 - JANSMA, K."
"PSYCH 116 - WONG, J.",0.348496994,,"PSYCH 116 - WONG, J."
"ENGL 119 - HUEHLS, M.A.",0.337743644,,"ENGL 119 - HUEHLS, M.A."
"PHYSICS 5B - PAU, J.T.",0.336368223,,"PHYSICS 5B - PAU, J.T."
"PUB PLC 10C - ROWE, B.T.",0.334634635,,"PUB PLC 10C - ROWE, B.T."
"COMM 157 - PETERSON, S.M.",0.3298,,"COMM 157 - PETERSON, S.M."
"ANTHRO 137P - BOUM, A.",0.327550651,,"ANTHRO 137P - BOUM, A."
"FILM TV 122E - BURTNETT, S.S.",0.326173826,,"FILM TV 122E - BURTNETT, S.S."
"PSYCH 188B - WIMER, S.",0.326126126,,"PSYCH 188B - WIMER, S."
"COM HLT 48 - HERMAN, D.R.",0.325220921,,"COM HLT 48 - HERMAN, D.R."
"HIST 1C - HUNT, L.A.",0.324783784,,"HIST 1C - HUNT, L.A."
"BMD RES 5HA - CLARK, I.E.",0.323957443,,"BMD RES 5HA - CLARK, I.E."
"ECON 134 - MCDEVITT, E.P.",0.31664995,,"ECON 134 - MCDEVITT, E.P."
"EDUC M103 - HUH, C.R.",0.315284715,,"EDUC M103 - HUH, C.R."
"ENVIRON 25 - BASSETT, J.C.",0.3121,,"ENVIRON 25 - BASSETT, J.C."
"FILM TV 84A - MANN, D.R.",0.30909938,,"FILM TV 84A - MANN, D.R."
"COMM 110 - KICENSKI, K.K.",0.3024,,"COMM 110 - KICENSKI, K.K."
"STATS 100B - CHRISTOU, N.",0.296996997,,"STATS 100B - CHRISTOU, N."
"CHEM 14B - COUREY, A.J.",0.295828172,,"CHEM 14B - COUREY, A.J."
"AN N EA 10W - SCHNIEDEWIND, W.M.",0.29242997,,"AN N EA 10W - SCHNIEDEWIND, W.M."
"ENGR 111 - BULU-TACIROGLU, M.",0.2897,,"ENGR 111 - BULU-TACIROGLU, M."
"ENGCOMP 100W - LOPEZ, E.M.",0.2892,,"ENGCOMP 100W - LOPEZ, E.M."
"PHYSCI 121 - CHOE, R.",0.2872,,"PHYSCI 121 - CHOE, R."
"STATS 10 - CHA, M.",0.286250586,,"STATS 10 - CHA, M."
"LING 1 - TORRENCE, W.H.",0.28580981,,"LING 1 - TORRENCE, W.H."
"FRNCH 8 - JANSMA, K.",0.283104895,,"FRNCH 8 - JANSMA, K."
"PSYCH 20A - MANSOLF, M.A.",0.2817,,"PSYCH 20A - MANSOLF, M.A."
"MGMT 160 - WILSON, N.M.",0.280108982,,"MGMT 160 - WILSON, N.M."
"HIST M150B - STEVENSON, B.",0.27982983,,"HIST M150B - STEVENSON, B."
"STATS 100C - CHRISTOU, N.",0.275675676,,"STATS 100C - CHRISTOU, N."
"MGMT 120B - LU, M.",0.274623647,,"MGMT 120B - LU, M."
"FILM TV 33 - GRIFFIN, N.E.",0.274155556,,"FILM TV 33 - GRIFFIN, N.E."
"PSYCH 119V - ZAIDEL, D.",0.2737,,"PSYCH 119V - ZAIDEL, D."
"LIFESCI 7B - KANE, T.L.",0.2719,,"LIFESCI 7B - KANE, T.L."
"HIST 13C - KELLEY, R.D.",0.267966803,,"HIST 13C - KELLEY, R.D."
"EE BIOL 111 - GORLITSKY, L.E.",0.266182917,,"EE BIOL 111 - GORLITSKY, L.E."
"HLT POL 100 - MAY, J.W.",0.265837838,,"HLT POL 100 - MAY, J.W."
"EPS SCI 121F - YIN, A.",0.25989626,,"EPS SCI 121F - YIN, A."
"PSYCH 135 - WARD, A.H.",0.259885586,,"PSYCH 135 - WARD, A.H."
"EPS SCI 1 - ESPOSITO, R.",0.256591491,,"EPS SCI 1 - ESPOSITO, R."
"FILM TV 4 - TRICE, J.N.",0.25628477,,"FILM TV 4 - TRICE, J.N."
"SPAN 119 - RODRIGUEZ, J.N.",0.25,,"SPAN 119 - RODRIGUEZ, J.N."
"FRNCH 1 - JANSMA, K.",0.243622222,,"FRNCH 1 - JANSMA, K."
"PHYSCI 122 - DAUER, E.A.",0.242442442,,"PHYSCI 122 - DAUER, E.A."
"MAT SCI 104 - GOORSKY, M.S.",0.241371471,,"MAT SCI 104 - GOORSKY, M.S."
"STATS 102B - CHEN, M.S.",0.226594106,,"STATS 102B - CHEN, M.S."
"PSYCH 120A - RISSMAN, J.A.",0.225226825,,"PSYCH 120A - RISSMAN, J.A."
"COMM 156 - PETERSON, S.M.",0.217902204,,"COMM 156 - PETERSON, S.M."
"GLBL ST 1 - THIES, M.F.",0.21652012,,"GLBL ST 1 - THIES, M.F."
"INTL DV 110 - LOFCHIE, M.F.",0.2153,,"INTL DV 110 - LOFCHIE, M.F."
"EE BIOL 109 - KANE, T.L.",0.213567732,,"EE BIOL 109 - KANE, T.L."
"MCD BIO 60 - GALLAGHER, K.J.",0.211615112,,"MCD BIO 60 - GALLAGHER, K.J."
"PSYCTRY M182 - BILDER, R.M.",0.207792208,,"PSYCTRY M182 - BILDER, R.M."
"ENGCOMP 2 - MARTINEZ, A.M.",0.2059,,"ENGCOMP 2 - MARTINEZ, A.M."
"MSC IND 101 - CARLOS, C.",0.205029579,,"MSC IND 101 - CARLOS, C."
ENVIRON 163 - GIOTTONINI BADILLA,0.200566667,,ENVIRON 163 - GIOTTONINI BADILLA
"STATS 101A - ESFANDIARI, M.M.",0.195232368,,"STATS 101A - ESFANDIARI, M.M."
"MGMT 142B - RAVETCH, D.S.",0.1918,,"MGMT 142B - RAVETCH, D.S."
"GERMAN 59 - FUCHS, R.T.",0.186578422,,"GERMAN 59 - FUCHS, R.T."
"THEATER 10 - GORSHEIN, D.M.",0.186,,"THEATER 10 - GORSHEIN, D.M."
"ENGCOMP 3 - MENDOZA, R.E.",0.1822,,"ENGCOMP 3 - MENDOZA, R.E."
"C&EE M20 - GAO, E.X.",0.1764,,"C&EE M20 - GAO, E.X."
"THEATER 72 - DANIEL, P.M.",0.176199299,,"THEATER 72 - DANIEL, P.M."
"NURSING 13 - CARPENTER, C.L.",0.175970176,,"NURSING 13 - CARPENTER, C.L."
"THEATER 110 - GORSHEIN, D.M.",0.1742,,"THEATER 110 - GORSHEIN, D.M."
"COM HLT 48 - MUTH, N.D.",0.1722,,"COM HLT 48 - MUTH, N.D."
"COMM 148 - FERAMISCO, C.",0.169051869,,"COMM 148 - FERAMISCO, C."
"POL SCI 150 - SIMON, J.D.",0.164893865,,"POL SCI 150 - SIMON, J.D."
"COMM 109 - PETERSON, S.M.",0.155998256,,"COMM 109 - PETERSON, S.M."
"MAT SCI 250B - YANG, J.",0.155,,"MAT SCI 250B - YANG, J."
"ENGCOMP 3 - SUSSMAN, D.B.",0.1497003,,"ENGCOMP 3 - SUSSMAN, D.B."
"FILM TV 146 - BOYLE, B.",0.148591994,,"FILM TV 146 - BOYLE, B."
"EC ENGR 3 - BRIGGS, D.M.",0.147096047,,"EC ENGR 3 - BRIGGS, D.M."
"MECH&AE 171A - KIM, D.D.",0.146941059,,"MECH&AE 171A - KIM, D.D."
"EPS SCI 9 - RUBIN, A.E.",0.146399401,,"EPS SCI 9 - RUBIN, A.E."
"MSC IND 115 - MOSELEY, A.M.",0.143043043,,"MSC IND 115 - MOSELEY, A.M."
"NURSING 3 - CARPENTER, C.L.",0.141911489,,"NURSING 3 - CARPENTER, C.L."
"GENDER 102 - JADALI, S.",0.141264164,,"GENDER 102 - JADALI, S."
"EE BIOL 162L - SACK, L.",0.1401,,"EE BIOL 162L - SACK, L."
"POL SCI 10 - JOINES, J.A.",0.1375,,"POL SCI 10 - JOINES, J.A."
"MGMT 180 - KINBERG, M.H.",0.1305,,"MGMT 180 - KINBERG, M.H."
"ANTHRO 143 - BOUM, A.",0.1257,,"ANTHRO 143 - BOUM, A."
"ENGCOMP 100W - BALL, J.G.",0.125,,"ENGCOMP 100W - BALL, J.G."
"LIFESCI 30A - VENUGOPAL, S.",0.122569231,,"LIFESCI 30A - VENUGOPAL, S."
"FILM TV 33 - HUANG, G.J.",0.1225,,"FILM TV 33 - HUANG, G.J."
"PSYCH 137C - KARNEY, B.R.",0.1219,,"PSYCH 137C - KARNEY, B.R."
"SRB CRO 103 - LEJKO-LACAN, V.",0.121451695,,"SRB CRO 103 - LEJKO-LACAN, V."
"ASTR 5 - MASHIAN, N.",0.120618113,,"ASTR 5 - MASHIAN, N."
"ENGR 110 - BULU-TACIROGLU, M.",0.115695395,,"ENGR 110 - BULU-TACIROGLU, M."
"ARCH&UD CM153 - WELLS, W.R.",0.1131,,"ARCH&UD CM153 - WELLS, W.R."
"PSYCH 189 - HARRELL, S.P.",0.1124,,"PSYCH 189 - HARRELL, S.P."
"HIST 179B - ZELENY, C.L.",0.112,,"HIST 179B - ZELENY, C.L."
"ROMANIA 103 - GALATEANU, G.",0.111726274,,"ROMANIA 103 - GALATEANU, G."
"MECH&AE 150B - ZHONG, X.",0.1113,,"MECH&AE 150B - ZHONG, X."
"STATS 20 - TSIANG, M.",0.11030671,,"STATS 20 - TSIANG, M."
"STATS 13 - TSIANG, M.",0.101957858,,"STATS 13 - TSIANG, M."
"MGMT 295A - 0THANSON, D.A.",0.0948,,"MGMT 295A - 0THANSON, D.A."
"HIST M155 - GANTNER, D.C.",0.092552248,,"HIST M155 - GANTNER, D.C."
"I A STD 195CE - THIES, M.F.",0.0911,,"I A STD 195CE - THIES, M.F."
"LIFESCI 7C - KHANKAN, R.R.",0.089510611,,"LIFESCI 7C - KHANKAN, R.R."
"CHEM 14A - PRADO, J.R.",0.087952953,,"CHEM 14A - PRADO, J.R."
"NURSING 410 - SHINNICK, M.A.",0.0871,,"NURSING 410 - SHINNICK, M.A."
"MGMT 488 - SCHEINROCK, J.I.",0.085757658,,"MGMT 488 - SCHEINROCK, J.I."
"COMM 10 - SUMAN, M.W.",0.0818,,"COMM 10 - SUMAN, M.W."
"PSYCH 129E - FREDERICK, D.A.",0.079220779,,"PSYCH 129E - FREDERICK, D.A."
"JAPAN 75 - KANESAKA, K.K.",0.078435035,,"JAPAN 75 - KANESAKA, K.K."
"MIMG 158 - MILLER, J.H.",0.077838078,,"MIMG 158 - MILLER, J.H."
"THEATER 50 - DANIEL, P.M.",0.0778,,"THEATER 50 - DANIEL, P.M."
"EDUC 127 - MITCHELL, K.",0.072668531,,"EDUC 127 - MITCHELL, K."
"ENGR 211 - BULU-TACIROGLU, M.",0.067816783,,"ENGR 211 - BULU-TACIROGLU, M."
"EE BIOL 120 - GORLITSKY, L.E.",0.066753247,,"EE BIOL 120 - GORLITSKY, L.E."
"NURSING 175 - FREDRICKSON, J.M.",0.066,,"NURSING 175 - FREDRICKSON, J.M."
"EC ENGR 205A - LAUB, A.J.",0.0622,,"EC ENGR 205A - LAUB, A.J."
"ENVIRON M153 - WELLS, W.R.",0.0609,,"ENVIRON M153 - WELLS, W.R."
"FILM TV 183C - LIEBING, H.",0.0605,,"FILM TV 183C - LIEBING, H."
"DIS STD 101W - SOLONE, C.J.",0.057,,"DIS STD 101W - SOLONE, C.J."
"SOC GEN 5 - KELTY, C.M.",0.055598098,,"SOC GEN 5 - KELTY, C.M."
"EE BIOL 109L - KANE, T.L.",0.054472527,,"EE BIOL 109L - KANE, T.L."
"COM SCI M51A - GHAFORYFARD, P.",0.054254254,,"COM SCI M51A - GHAFORYFARD, P."
"EDUC 187 - HUH, C.R.",0.052625275,,"EDUC 187 - HUH, C.R."
"THEATER 72 - MAY0RD, J.E.",0.0507,,"THEATER 72 - MAY0RD, J.E."
"EPIDEM 100 - HECK, J.E.",0.050461139,,"EPIDEM 100 - HECK, J.E."
"I A STD 31 - WOODS, D.L.",0.0498,,"I A STD 31 - WOODS, D.L."
"PHYSCI 166 - ESDIN, J.",0.0497,,"PHYSCI 166 - ESDIN, J."
"MGMT 180 - FRANCIS, A.M.",0.0484,,"MGMT 180 - FRANCIS, A.M."
"CHICANO 191 - VALENZUELA, A.",0.048135764,,"CHICANO 191 - VALENZUELA, A."
"ENGR 183EW - BROWNE, D.G.",0.046359446,,"ENGR 183EW - BROWNE, D.G."
"MSC IND 55 - LEAF, D.A.",0.045050651,,"MSC IND 55 - LEAF, D.A."
"I A STD 1 - THIES, M.F.",0.044298344,,"I A STD 1 - THIES, M.F."
"FILM TV 122D - WILSON, B.D.",0.0409,,"FILM TV 122D - WILSON, B.D."
"THEATER 120B - OLIVIERI, J.M.",0.04085163,,"THEATER 120B - OLIVIERI, J.M."
"ENGCOMP 2 - SAMUELSON, M.G.",0.04,,"ENGCOMP 2 - SAMUELSON, M.G."
"PUB AFF 110 - MUKHIJA, V.",0.0395,,"PUB AFF 110 - MUKHIJA, V."
"THEATER 107 - CARRIGER, M.L.",0.038967467,,"THEATER 107 - CARRIGER, M.L."
"SCAND 50W - YAMASAKI, L.J.",0.038475676,,"SCAND 50W - YAMASAKI, L.J."
"CHICANO 151 - VERCHES, R.L.",0.038144444,,"CHICANO 151 - VERCHES, R.L."
"MGMTEX 439 - WACZIARG, R.T.",0.032586633,,"MGMTEX 439 - WACZIARG, R.T."
"MGMTEX 440 - HOLLENBECK, B.W.",0.03,,"MGMTEX 440 - HOLLENBECK, B.W."
"ENVIRON M164 - GARRISON, N.J.",0.0273,,"ENVIRON M164 - GARRISON, N.J."
"DIS STD 101W - THORNTON, B.E.",0.026577578,,"DIS STD 101W - THORNTON, B.E."
"FILM TV 180A - WARD, D.A.",0.0261,,"FILM TV 180A - WARD, D.A."
"ECON 41 - PONOMAREV, K.",0.025033734,,"ECON 41 - PONOMAREV, K."
"PSYCH M139 - TARLETON, C.E.",0.024924925,,"PSYCH M139 - TARLETON, C.E."
"JAPAN 155 - SHIMA, K.M.",0.024773825,,"JAPAN 155 - SHIMA, K.M."
"ENGCOMP 100W - RODRIGUEZ DRISSI,",0.023806194,,"ENGCOMP 100W - RODRIGUEZ DRISSI,"
"ASIA AM 130A - KAO, J.",0.021591209,,"ASIA AM 130A - KAO, J."
"CHEM 30A - REILLY, A.J.",0.021319102,,"CHEM 30A - REILLY, A.J."
"ENGL M138 - EKIMYAN, H.",0.0213,,"ENGL M138 - EKIMYAN, H."
"COMM 105 - ARBABZADAH, N.",0.020966667,,"COMM 105 - ARBABZADAH, N."
"MGMT 180 - MACY, B.W.",0.0183,,"MGMT 180 - MACY, B.W."
"MGMT 163 - ROSTAMIAN, F.D.",0.018119381,,"MGMT 163 - ROSTAMIAN, F.D."
"MCD BIO 50 - MCWHORTER, A.L.",0.017490609,,"MCD BIO 50 - MCWHORTER, A.L."
"ROMANIA 103 - MANOLESCU, Z.",0.0133,,"ROMANIA 103 - MANOLESCU, Z."
"ENGCOMP 3 - LEHMAN, P.J.",0.013086913,,"ENGCOMP 3 - LEHMAN, P.J."
"THEATER 50 - MAY0RD, J.E.",0.0129,,"THEATER 50 - MAY0RD, J.E."
"ASIA AM 30W - WELTY, L.",0.003996004,,"ASIA AM 30W - WELTY, L."
"EDUC 443 - COOPER, R.",0,,"EDUC 443 - COOPER, R."
"EDUC 448A - FRANKE, M.L.",0,,"EDUC 448A - FRANKE, M.L."
"EDUC 448A - ROGERS, J.S.",0,,"EDUC 448A - ROGERS, J.S."
"EDUC 414E - SEPLOW, S.L.",0,,"EDUC 414E - SEPLOW, S.L."
"EDUC 414A - HARRIS, J.C.",0,,"EDUC 414A - HARRIS, J.C."
"EDUC 412 - SAX, L.J.",0,,"EDUC 412 - SAX, L.J."
"EDUC 596 - HIPOLITO, E.D.",0,,"EDUC 596 - HIPOLITO, E.D."
"AF AMER 188A - GREEN, C.D.",0,,"AF AMER 188A - GREEN, C.D."
"MGMT 182 - ULLMEN, J.B.",0,,"MGMT 182 - ULLMEN, J.B."
"MGMT 180 - ULLMEN, J.B.",0,,"MGMT 180 - ULLMEN, J.B."
"FILM TV 183A - FRANKLIN, A.S.",0,,"FILM TV 183A - FRANKLIN, A.S."
"MECH&AE 256F - GUPTA, V.",0,,"MECH&AE 256F - GUPTA, V."
"MUSC 7 - KROUSE, I.",0,,"MUSC 7 - KROUSE, I."
"MED 180 - MORENO, G.",0,,"MED 180 - MORENO, G."
"ETHNMUS 168F - KAUSHAL, A.",0,,"ETHNMUS 168F - KAUSHAL, A."
"ETHNMUS 168A - LI, C.",0,,"ETHNMUS 168A - LI, C."
"ENGR 203 - SILVERMAN, S.J.",0,,"ENGR 203 - SILVERMAN, S.J."
"ENGR 206 - KUNG, K.C.",0,,"ENGR 206 - KUNG, K.C."
"MGMT 180 - GEBHARDT, C.",0,,"MGMT 180 - GEBHARDT, C."
"EDUC 98 - TUNSTALL, J.D.",-0.0001,,"EDUC 98 - TUNSTALL, J.D."
"PSYCTRY 175 - BELZER, M.G.",-0.0039,,"PSYCTRY 175 - BELZER, M.G."
"EDUC 92F - AMAH, I.A.",-0.004267467,,"EDUC 92F - AMAH, I.A."
"PUB AFF 10 - COVINGTON, K.L.",-0.005634976,,"PUB AFF 10 - COVINGTON, K.L."
"MGMTEX 440 - GOLDSTEIN, N.J.",-0.009115015,,"MGMTEX 440 - GOLDSTEIN, N.J."
"ECON 122 - MCDEVITT, E.P.",-0.010184934,,"ECON 122 - MCDEVITT, E.P."
"CHICANO M155A - ORTIZ, V.",-0.010856344,,"CHICANO M155A - ORTIZ, V."
"SPAN 170 - DE LA TORRE, L.",-0.011059111,,"SPAN 170 - DE LA TORRE, L."
"THEATER 120A - OLIVIERI, J.M.",-0.01614491,,"THEATER 120A - OLIVIERI, J.M."
"COM SCI 33 - GHAFORYFARD, P.",-0.01672993,,"COM SCI 33 - GHAFORYFARD, P."
"FILM TV 122E - CANNON, P.J.",-0.018531919,,"FILM TV 122E - CANNON, P.J."
"MGMTEX 440 - GEIS, G.T.",-0.018818819,,"MGMTEX 440 - GEIS, G.T."
"EDUC 470A - LONON, E.",-0.0201,,"EDUC 470A - LONON, E."
"PSYCH 136A - SMURDA, J.D.",-0.021267367,,"PSYCH 136A - SMURDA, J.D."
"EC ENGR 232E - ROYCHOWDHURY, V.P.",-0.022155022,,"EC ENGR 232E - ROYCHOWDHURY, V.P."
"POL SCI 119 - NORTON, A.D.",-0.023376623,,"POL SCI 119 - NORTON, A.D."
"NURSING 164 - KNOLL, M.P.",-0.02383017,,"NURSING 164 - KNOLL, M.P."
"CHIN M60 - HSU, P.W.",-0.025292308,,"CHIN M60 - HSU, P.W."
"STATS 421B - MC CLUSKEY, T.J.",-0.0255,,"STATS 421B - MC CLUSKEY, T.J."
"CHICANO 100SL - GONZALEZ, O.O.",-0.0261,,"CHICANO 100SL - GONZALEZ, O.O."
"CHICANO CM106 - CASAS, R.P.",-0.026131926,,"CHICANO CM106 - CASAS, R.P."
"FILM TV 183A - CRESWICK, A.",-0.0289999,,"FILM TV 183A - CRESWICK, A."
"POL SCI 40 - LEUNG, V.",-0.030530531,,"POL SCI 40 - LEUNG, V."
"FILM TV 101A - MALONE, M.E.",-0.033866134,,"FILM TV 101A - MALONE, M.E."
"MGMT 88 - FREIXES, G.",-0.034770729,,"MGMT 88 - FREIXES, G."
"ASIA AM M129 - DO, A.H.",-0.0408,,"ASIA AM M129 - DO, A.H."
"MGMT 180 - FOROUZANDEH, F.",-0.04108961,,"MGMT 180 - FOROUZANDEH, F."
"NURSING 470A - BUSH, N.",-0.0427,,"NURSING 470A - BUSH, N."
"RELIGN 11 - POLK, P.",-0.0489,,"RELIGN 11 - POLK, P."
"NURSING 50 - JUNG, S.",-0.051259259,,"NURSING 50 - JUNG, S."
"ASIA AM 10 - DEGUZMAN, J.",-0.0581,,"ASIA AM 10 - DEGUZMAN, J."
"MCD BIO 100 - MCWHORTER, A.L.",-0.062197197,,"MCD BIO 100 - MCWHORTER, A.L."
"ENGCOMP 1 - DICKEY, D.",-0.062676476,,"ENGCOMP 1 - DICKEY, D."
"CHEM 96 - CORBIN, B.",-0.064686373,,"CHEM 96 - CORBIN, B."
"ART HIS C142B - ROSENBLUM, B.T.",-0.069118282,,"ART HIS C142B - ROSENBLUM, B.T."
"ESL 25 - KELLEY, J.C.",-0.075,,"ESL 25 - KELLEY, J.C."
"CHEM 88A - CORBIN, B.",-0.075995504,,"CHEM 88A - CORBIN, B."
"MGMTEX 440 - BLEVINS, J.",-0.076826374,,"MGMTEX 440 - BLEVINS, J."
"NURSING 268 - CUENCA, E.L.",-0.0786,,"NURSING 268 - CUENCA, E.L."
"POL SCI 122A - SHEVCHENKO, A.V.",-0.079025948,,"POL SCI 122A - SHEVCHENKO, A.V."
"MGMTEX 440 - LEE, J.J.",-0.08267968,,"MGMTEX 440 - LEE, J.J."
"POL SCI 135 - SHEVCHENKO, A.V.",-0.092268232,,"POL SCI 135 - SHEVCHENKO, A.V."
"MGMT 241A - KRAMER, T.D.",-0.0944,,"MGMT 241A - KRAMER, T.D."
"MCD BIO 90 - HOOSHMAND, M.J.",-0.094514815,,"MCD BIO 90 - HOOSHMAND, M.J."
"ENGR 116 - DOLECEK, L.",-0.0971,,"ENGR 116 - DOLECEK, L."
"NURSING 165 - JACOB, E.",-0.09875964,,"NURSING 165 - JACOB, E."
"MSC IND 112A - PASTER0K, N.J.",-0.098813213,,"MSC IND 112A - PASTER0K, N.J."
"PHYSICS 4BL - ARISAKA, K.",-0.0994996,,"PHYSICS 4BL - ARISAKA, K."
"EDUC 120 - CORTES, A.E.",-0.102908108,,"EDUC 120 - CORTES, A.E."
"URBN PL 141 - 0KAOKA, S.J.",-0.103903904,,"URBN PL 141 - 0KAOKA, S.J."
"NURSING 408 - KEE0N, C.K.",-0.1071,,"NURSING 408 - KEE0N, C.K."
"MED 185 - HUI, K.P.",-0.110243544,,"MED 185 - HUI, K.P."
"NURSING 465C - SHINNICK, M.A.",-0.113646947,,"NURSING 465C - SHINNICK, M.A."
"COMM 166 - PETERSON, S.M.",-0.1174,social,"COMM 166 - PETERSON, S.M."
"PHYSCI 136 - ESDIN, J.",-0.119855145,life_science,"PHYSCI 136 - ESDIN, J."
"PSYCH 10 - PAQUETTE-SMITH, M.",-0.123148299,social,"PSYCH 10 - PAQUETTE-SMITH, M."
"FILM TV 178 - FINELL, M.A.",-0.139374139,humanities,"FILM TV 178 - FINELL, M.A."
"MGMT 142A - RAVETCH, D.S.",-0.151887313,other,"MGMT 142A - RAVETCH, D.S."
"URBN PL 121 - MUKHIJA, V.",-0.152152152,other,"URBN PL 121 - MUKHIJA, V."
"LING 120C - O'LEARY, M.C.",-0.1615,social,"LING 120C - O'LEARY, M.C."
"ASL 8 - LEWIS, B.J.",-0.172812713,humanities,"ASL 8 - LEWIS, B.J."
"ARCH&UD 401 - ENNEMOSER, B.",-0.1796,other,"ARCH&UD 401 - ENNEMOSER, B."
"PHYSCI 5 - ESDIN, J.",-0.2476,life_science,"PHYSCI 5 - ESDIN, J."
"STATS 100B - ALMOHALWAS, A.M.",-0.261981019,physical,"STATS 100B - ALMOHALWAS, A.M."
"MGMT 286 - UNZUETA, M.M.",-0.273961762,other,"MGMT 286 - UNZUETA, M.M."
"MECH&AE 156A - MAL, A.K.",-0.282824024,engineering,"MECH&AE 156A - MAL, A.K."
"SPAN 150 - DE LA TORRE, L.",-0.2883,humanities,"SPAN 150 - DE LA TORRE, L."
"EDUC 129 - PURDY, W.C.",-0.340559441,social,"EDUC 129 - PURDY, W.C."
"FILM TV 122D - SMALLEY, K.L.",-0.369,humanities,"FILM TV 122D - SMALLEY, K.L."
"WL ARTS 33 - SHORTER, D.D.",-0.381738382,humanities,"WL ARTS 33 - SHORTER, D.D."
"GEOG M149 - OSMAN, T.",-0.425,social,"GEOG M149 - OSMAN, T."
"MUSC 3 - KROUSE, I.",-0.632,humanities,"MUSC 3 - KROUSE, I."
"MECH&AE C296A - GHONIEM, N.M.",-0.698985986,engineering,"MECH&AE C296A - GHONIEM, N.M."
"Dis std M148 - SCHOTTMILLER, C.D.",-0.7501,social,"DIS STD M148 - SCHOTTMILLER, C.D."
"Dis Std M148 - Schottmiller, C.D.",-0.7501,social,"DIS STD M148 - Schottmiller, C.D."
"Mech&AE C296A - Ghoniem, N.M.",-0.698985986,engineering,"MECH&AE C296A - Ghoniem, N.M."
"Musc 3 - Krouse, I.",-0.632,humanities,"MUSC 3 - Krouse, I."
"Geog M149 - Osman, T.",-0.425,social,"GEOG M149 - Osman, T."
"WL Arts 33 - Shorter, D.D.",-0.381738382,humanities,"WL ARTS 33 - Shorter, D.D."
"Film TV 122D - Smalley, K.L.",-0.369,humanities,"FILM TV 122D - Smalley, K.L."
"Educ 129 - Purdy, W.C.",-0.340559441,social,"EDUC 129 - Purdy, W.C."
"Span 150 - De La Torre, L.",-0.2883,humanities,"SPAN 150 - De La Torre, L."
"Mech&AE 156A - Mal, A.K.",-0.282824024,engineering,"MECH&AE 156A - Mal, A.K."
"Mgmt 286 - Unzueta, M.M.",-0.273961762,other,"MGMT 286 - Unzueta, M.M."
"Stats 100B - Almohalwas, A.M.",-0.261981019,physical,"STATS 100B - Almohalwas, A.M."
"PhySci 5 - Esdin, J.",-0.2476,life_science,"PHYSCI 5 - Esdin, J."
Arch&UD 401 - Ennemoser B.,-0.1796,other,ARCH&UD 401 - Ennemoser B.
"ASL 8 - Lewis, B.J.",-0.172812713,humanities,"ASL 8 - Lewis, B.J."
"Ling 120C - O'Leary, M.C.",-0.1615,social,"LING 120C - O'Leary, M.C."
"Urbn PL 121 - Mukhija, V.",-0.152152152,other,"URBN PL 121 - Mukhija, V."
"Mgmt 142A - Ravetch, D.S.",-0.151887313,other,"MGMT 142A - Ravetch, D.S."
"Film TV 178 - Finell, M.A.",-0.139374139,humanities,"FILM TV 178 - Finell, M.A."
"Psych 10 - Paquette-Smith, M.",-0.123148299,social,"PSYCH 10 - Paquette-Smith, M."
"PhySci 136 - Esdin, J.",-0.119855145,life_science,"PHYSCI 136 - Esdin, J."
"Comm 166 - Peterson, S.M.",-0.1174,social,"COMM 166 - Peterson, S.M."
,,,
,,,
,,,
,,,
,,,
,,,
,,,
,,,
,,,
,,,
,,,
,,,
,,,
,,,
,,,
,,,
,,,
class,difference,department,
"STATS 100A - Sanchez, J.",1.1421,physical,
"ANTHRO 132 - Boum, A.",1.109290709,social,
"ECON 106G - Zuniga Seminario,",1.068,social,
"MGMT 120A - Lu, M.",0.997315497,other,
"MATH 110A - Ouellette, K.R.",0.97745491,physical,
"LING 185A - Mayer, C.J.",0.977427582,life_science,
"INTL DV 130 - Lofchie, M.F.",0.9612,social,
"EPS SCI 15 - Drake, J.",0.896148649,physical,
"CHEM 14C - Pham, H.V.",0.877692578,life_science,
"PHYSICS 5A - Bauer, D.J.",0.871528472,physical,
"ANTHRO 153 - Boum, A.",0.870554446,social,
"COM SCI 31 - Stahl, H.A.",0.8468,engineering,
"INTL DV 1 - Anjum, E.",0.8411,social,
"COM SCI 180 - Burgin, M.",0.837251251,engineering,
"MGMT 1A - Woo, E.A.",0.817200901,other,
"MATH 33B - Salazar, R.",0.811388611,physical,
"HIST 97M - Woods, D.L.",0.807107107,social,
"ECON 106F - Lindsay, D.C.",0.795269725,social,
"COMM 114 - Suman, M.W.",0.7761,social,
"ITALIAN 1 - Tognozzi, E.A.",0.754643287,humanities,
"PSYCH 129F - Lee, S.S.",0.741473526,social,
"MGMT 127B - GARDNER TRELOAR, J",0.7379,,
"ASIA AM 50W - NUBLA, G.M.",0.719527772,,
"COM SCI 181 - BURGIN, M.",0.712,,
"C&EE 103 - RUTER, M.",0.710827811,,
"PSYCH 116 - GRISHAM, W.E.",0.669024169,,
"COM SCI 32 - AMBROSIO, E.O.",0.6639,,
"CHEM 14BL - HE0RY, M.M.",0.662462462,,
"NEUROSC 10 - BABIEC, W.E.",0.653634041,,
"CHEM 14BL - PANG, J.W.",0.640327872,,
"MATH 177 - OZEL, E.",0.64,,
"ECON 1 - ROJAS, R.R.",0.6342,,
"CHEM 153B - HE, C.",0.62606008,,
"CHEM 14CL - PANG, J.W.",0.611937912,,
"PSYCH 100A - BLAKE, A.B.",0.610681618,,
"ART HIS M110A - COONEY, K.M.",0.6028,,
"ENGL 119 - STEFANS, B.K.",0.602737475,,
"FILM TV 114 - WUEST, B.G.",0.599387375,,
"CHEM 30B - REILLY, A.J.",0.596956297,,
"ECON 160 - MCDEVITT, E.P.",0.587274248,,
"ECON 106F - MCDEVITT, E.P.",0.584567935,,
"BIOSTAT 100A - LEE, M.L.",0.575368019,,
"EE BIOL 162 - SACK, L.",0.566651848,,
"MECH&AE 103 - KAVEHPOUR, H.P.",0.564388811,,
"MATH 1 - OWAKA, E.A.",0.557983507,,
"MATH 3C - GREENE, M.P.",0.556097197,,
"NEUROSC 102 - LEBELLE, J.",0.55044317,,
"HIST M103A - COONEY, K.M.",0.546682766,,
"COMM 1 - MILLER, T.E.",0.543,,
"PSYCH 85 - MCAULIFFE, S.P.",0.532114186,,
"PHYSICS 5C - WAUNG, R.T.",0.522415684,,
"HIST 5 - STEIN, S.A.",0.522050551,,
"HIST 191F - MOMDJIAN, M.",0.5218,,
"CHEM 14CL - HE0RY, M.M.",0.517613986,,
"JAPAN 100S - NISHIJIMA, R.",0.499,,
"CHEM 153A - GOBER, J.W.",0.493382517,,
"COMM 100 - BRYANT, G.A.",0.4929,,
"PHYSICS 1B - CORBIN, B.",0.486103103,,
"ENGL 150C - LITTLE, A.L.",0.480367932,,
"ANTHRO 126P - RASHIDI, J.S.",0.463218745,,
"STATS 10 - CHEN, M.S.",0.4621,,
"ART HIS 154D - KUMAR, A.M.",0.459007692,,
"PHYSCI 3 - COOPER, R.H.",0.45027235,,
"GEOG 1 - ROBINSON, C.M.",0.444455856,,
"PSYCH 100B - ANKOWSKI, A.N.",0.4376,,
"PSYCH 126 - TAYLOR, S.",0.433905894,,
"COM SCI 111 - REIHER, P.L.",0.420955021,,
"MATH 174E - LYU, H.",0.415415415,,
"LIFESCI 7C - GUTIERREZ, M.A.",0.409068831,,
"STATS 20 - LEW, V.",0.407987512,,
"ANTHRO 3 - BOUM, A.",0.4057,,
"AN N EA 15W - COONEY, K.M.",0.403215185,,
"MGMT 1B - GARDNER TRELOAR, J",0.403,,
"PSYCH 100B - FIRSTENBERG, I.",0.4018,,
"AF AMER 1 - PIERRE, J.",0.401629371,,
"ANTHRO 135 - BOUM, A.",0.398633634,,
"PHYSICS 1A - BELLAFARD, A.",0.390846108,,
"HIST 1B - RUIZ, T.F.",0.390219119,,
"ART 133 - LOWE, N.R.",0.389010989,,
"ASIAN M60W - HAYES, M.R.",0.387985085,,
"NEUROSC M145 - CHANDLER, S.H.",0.384673674,,
"EE BIOL 115 - DINES, J.P.",0.373469031,,
"LIFESCI 30A - SHEVTSOV, J.",0.370882883,,
"FRNCH 3 - JANSMA, K.",0.364615385,,
"DIS STD M139 - TARLETON, C.E.",0.364,,
"ANTHRO 124S - SNYDER, J.K.",0.363147863,,
"PSYCH 175 - HARRELL, S.P.",0.361939762,,
"FILM TV 122M - KELLY, R.M.",0.3614,,
"POL SCI 195CE - BAWN, K.",0.359328929,,
"GEOG 125 - LE, T.B.",0.358191433,,
"AF AMER 6 - STREETER, C.A.",0.358,,
"EDUC 413A - 0VARRO, B.A.",0.353946054,,
"PSYCH 130 - PAQUETTE-SMITH, M.",0.352205611,,
"PHYSICS 1C - ME0CHEKANIAN, E.",0.351924752,,
"STATS 100A - WU, Y.",0.350233766,,
"FRNCH 41 - JANSMA, K.",0.349190381,,
"PSYCH 116 - WONG, J.",0.348496994,,
"ENGL 119 - HUEHLS, M.A.",0.337743644,,
"PHYSICS 5B - PAU, J.T.",0.336368223,,
"PUB PLC 10C - ROWE, B.T.",0.334634635,,
"COMM 157 - PETERSON, S.M.",0.3298,,
"ANTHRO 137P - BOUM, A.",0.327550651,,
"FILM TV 122E - BURTNETT, S.S.",0.326173826,,
"PSYCH 188B - WIMER, S.",0.326126126,,
"COM HLT 48 - HERMAN, D.R.",0.325220921,,
"HIST 1C - HUNT, L.A.",0.324783784,,
"BMD RES 5HA - CLARK, I.E.",0.323957443,,
"ECON 134 - MCDEVITT, E.P.",0.31664995,,
"EDUC M103 - HUH, C.R.",0.315284715,,
"ENVIRON 25 - BASSETT, J.C.",0.3121,,
"FILM TV 84A - MANN, D.R.",0.30909938,,
"COMM 110 - KICENSKI, K.K.",0.3024,,
"STATS 100B - CHRISTOU, N.",0.296996997,,
"CHEM 14B - COUREY, A.J.",0.295828172,,
"AN N EA 10W - SCHNIEDEWIND, W.M.",0.29242997,,
"ENGR 111 - BULU-TACIROGLU, M.",0.2897,,
"ENGCOMP 100W - LOPEZ, E.M.",0.2892,,
"PHYSCI 121 - CHOE, R.",0.2872,,
"STATS 10 - CHA, M.",0.286250586,,
"LING 1 - TORRENCE, W.H.",0.28580981,,
"FRNCH 8 - JANSMA, K.",0.283104895,,
"PSYCH 20A - MANSOLF, M.A.",0.2817,,
"MGMT 160 - WILSON, N.M.",0.280108982,,
"HIST M150B - STEVENSON, B.",0.27982983,,
"STATS 100C - CHRISTOU, N.",0.275675676,,
"MGMT 120B - LU, M.",0.274623647,,
"FILM TV 33 - GRIFFIN, N.E.",0.274155556,,
"PSYCH 119V - ZAIDEL, D.",0.2737,,
"LIFESCI 7B - KANE, T.L.",0.2719,,
"HIST 13C - KELLEY, R.D.",0.267966803,,
"EE BIOL 111 - GORLITSKY, L.E.",0.266182917,,
"HLT POL 100 - MAY, J.W.",0.265837838,,
"EPS SCI 121F - YIN, A.",0.25989626,,
"PSYCH 135 - WARD, A.H.",0.259885586,,
"EPS SCI 1 - ESPOSITO, R.",0.256591491,,
"FILM TV 4 - TRICE, J.N.",0.25628477,,
"SPAN 119 - RODRIGUEZ, J.N.",0.25,,
"FRNCH 1 - JANSMA, K.",0.243622222,,
"PHYSCI 122 - DAUER, E.A.",0.242442442,,
"MAT SCI 104 - GOORSKY, M.S.",0.241371471,,
"STATS 102B - CHEN, M.S.",0.226594106,,
"PSYCH 120A - RISSMAN, J.A.",0.225226825,,
"COMM 156 - PETERSON, S.M.",0.217902204,,
"GLBL ST 1 - THIES, M.F.",0.21652012,,
"INTL DV 110 - LOFCHIE, M.F.",0.2153,,
"EE BIOL 109 - KANE, T.L.",0.213567732,,
"MCD BIO 60 - GALLAGHER, K.J.",0.211615112,,
"PSYCTRY M182 - BILDER, R.M.",0.207792208,,
"ENGCOMP 2 - MARTINEZ, A.M.",0.2059,,
"MSC IND 101 - CARLOS, C.",0.205029579,,
ENVIRON 163 - GIOTTONINI BADILLA,0.200566667,,
"STATS 101A - ESFANDIARI, M.M.",0.195232368,,
"MGMT 142B - RAVETCH, D.S.",0.1918,,
"GERMAN 59 - FUCHS, R.T.",0.186578422,,
"THEATER 10 - GORSHEIN, D.M.",0.186,,
"ENGCOMP 3 - MENDOZA, R.E.",0.1822,,
"C&EE M20 - GAO, E.X.",0.1764,,
"THEATER 72 - DANIEL, P.M.",0.176199299,,
"NURSING 13 - CARPENTER, C.L.",0.175970176,,
"THEATER 110 - GORSHEIN, D.M.",0.1742,,
"COM HLT 48 - MUTH, N.D.",0.1722,,
"COMM 148 - FERAMISCO, C.",0.169051869,,
"POL SCI 150 - SIMON, J.D.",0.164893865,,
"COMM 109 - PETERSON, S.M.",0.155998256,,
"MAT SCI 250B - YANG, J.",0.155,,
"ENGCOMP 3 - SUSSMAN, D.B.",0.1497003,,
"FILM TV 146 - BOYLE, B.",0.148591994,,
"EC ENGR 3 - BRIGGS, D.M.",0.147096047,,
"MECH&AE 171A - KIM, D.D.",0.146941059,,
"EPS SCI 9 - RUBIN, A.E.",0.146399401,,
"MSC IND 115 - MOSELEY, A.M.",0.143043043,,
"NURSING 3 - CARPENTER, C.L.",0.141911489,,
"GENDER 102 - JADALI, S.",0.141264164,,
"EE BIOL 162L - SACK, L.",0.1401,,
"POL SCI 10 - JOINES, J.A.",0.1375,,
"MGMT 180 - KINBERG, M.H.",0.1305,,
"ANTHRO 143 - BOUM, A.",0.1257,,
"ENGCOMP 100W - BALL, J.G.",0.125,,
"LIFESCI 30A - VENUGOPAL, S.",0.122569231,,
"FILM TV 33 - HUANG, G.J.",0.1225,,
"PSYCH 137C - KARNEY, B.R.",0.1219,,
"SRB CRO 103 - LEJKO-LACAN, V.",0.121451695,,
"ASTR 5 - MASHIAN, N.",0.120618113,,
"ENGR 110 - BULU-TACIROGLU, M.",0.115695395,,
"ARCH&UD CM153 - WELLS, W.R.",0.1131,,
"PSYCH 189 - HARRELL, S.P.",0.1124,,
"HIST 179B - ZELENY, C.L.",0.112,,
"ROMANIA 103 - GALATEANU, G.",0.111726274,,
"MECH&AE 150B - ZHONG, X.",0.1113,,
"STATS 20 - TSIANG, M.",0.11030671,,
"STATS 13 - TSIANG, M.",0.101957858,,
"MGMT 295A - 0THANSON, D.A.",0.0948,,
"HIST M155 - GANTNER, D.C.",0.092552248,,
"I A STD 195CE - THIES, M.F.",0.0911,,
"LIFESCI 7C - KHANKAN, R.R.",0.089510611,,
"CHEM 14A - PRADO, J.R.",0.087952953,,
"NURSING 410 - SHINNICK, M.A.",0.0871,,
"MGMT 488 - SCHEINROCK, J.I.",0.085757658,,
"COMM 10 - SUMAN, M.W.",0.0818,,
"PSYCH 129E - FREDERICK, D.A.",0.079220779,,
"JAPAN 75 - KANESAKA, K.K.",0.078435035,,
"MIMG 158 - MILLER, J.H.",0.077838078,,
"THEATER 50 - DANIEL, P.M.",0.0778,,
"EDUC 127 - MITCHELL, K.",0.072668531,,
"ENGR 211 - BULU-TACIROGLU, M.",0.067816783,,
"EE BIOL 120 - GORLITSKY, L.E.",0.066753247,,
"NURSING 175 - FREDRICKSON, J.M.",0.066,,
"EC ENGR 205A - LAUB, A.J.",0.0622,,
"ENVIRON M153 - WELLS, W.R.",0.0609,,
"FILM TV 183C - LIEBING, H.",0.0605,,
"DIS STD 101W - SOLONE, C.J.",0.057,,
"SOC GEN 5 - KELTY, C.M.",0.055598098,,
"EE BIOL 109L - KANE, T.L.",0.054472527,,
"COM SCI M51A - GHAFORYFARD, P.",0.054254254,,
"EDUC 187 - HUH, C.R.",0.052625275,,
"THEATER 72 - MAY0RD, J.E.",0.0507,,
"EPIDEM 100 - HECK, J.E.",0.050461139,,
"I A STD 31 - WOODS, D.L.",0.0498,,
"PHYSCI 166 - ESDIN, J.",0.0497,,
"MGMT 180 - FRANCIS, A.M.",0.0484,,
"CHICANO 191 - VALENZUELA, A.",0.048135764,,
"ENGR 183EW - BROWNE, D.G.",0.046359446,,
"MSC IND 55 - LEAF, D.A.",0.045050651,,
"I A STD 1 - THIES, M.F.",0.044298344,,
"FILM TV 122D - WILSON, B.D.",0.0409,,
"THEATER 120B - OLIVIERI, J.M.",0.04085163,,
"ENGCOMP 2 - SAMUELSON, M.G.",0.04,,
"PUB AFF 110 - MUKHIJA, V.",0.0395,,
"THEATER 107 - CARRIGER, M.L.",0.038967467,,
"SCAND 50W - YAMASAKI, L.J.",0.038475676,,
"CHICANO 151 - VERCHES, R.L.",0.038144444,,
"MGMTEX 439 - WACZIARG, R.T.",0.032586633,,
"MGMTEX 440 - HOLLENBECK, B.W.",0.03,,
"ENVIRON M164 - GARRISON, N.J.",0.0273,,
"DIS STD 101W - THORNTON, B.E.",0.026577578,,
"FILM TV 180A - WARD, D.A.",0.0261,,
"ECON 41 - PONOMAREV, K.",0.025033734,,
"PSYCH M139 - TARLETON, C.E.",0.024924925,,
"JAPAN 155 - SHIMA, K.M.",0.024773825,,
"ENGCOMP 100W - RODRIGUEZ DRISSI,",0.023806194,,
"ASIA AM 130A - KAO, J.",0.021591209,,
"CHEM 30A - REILLY, A.J.",0.021319102,,
"ENGL M138 - EKIMYAN, H.",0.0213,,
"COMM 105 - ARBABZADAH, N.",0.020966667,,
"MGMT 180 - MACY, B.W.",0.0183,,
"MGMT 163 - ROSTAMIAN, F.D.",0.018119381,,
"MCD BIO 50 - MCWHORTER, A.L.",0.017490609,,
"ROMANIA 103 - MANOLESCU, Z.",0.0133,,
"ENGCOMP 3 - LEHMAN, P.J.",0.013086913,,
"THEATER 50 - MAY0RD, J.E.",0.0129,,
"ASIA AM 30W - WELTY, L.",0.003996004,,
"EDUC 443 - COOPER, R.",0,,
"EDUC 448A - FRANKE, M.L.",0,,
"EDUC 448A - ROGERS, J.S.",0,,
"EDUC 414E - SEPLOW, S.L.",0,,
"EDUC 414A - HARRIS, J.C.",0,,
"EDUC 412 - SAX, L.J.",0,,
"EDUC 596 - HIPOLITO, E.D.",0,,
"AF AMER 188A - GREEN, C.D.",0,,
"MGMT 182 - ULLMEN, J.B.",0,,
"MGMT 180 - ULLMEN, J.B.",0,,
"FILM TV 183A - FRANKLIN, A.S.",0,,
"MECH&AE 256F - GUPTA, V.",0,,
"MUSC 7 - KROUSE, I.",0,,
"MED 180 - MORENO, G.",0,,
"ETHNMUS 168F - KAUSHAL, A.",0,,
"ETHNMUS 168A - LI, C.",0,,
"ENGR 203 - SILVERMAN, S.J.",0,,
"ENGR 206 - KUNG, K.C.",0,,
"MGMT 180 - GEBHARDT, C.",0,,
"EDUC 98 - TUNSTALL, J.D.",-0.0001,,
"PSYCTRY 175 - BELZER, M.G.",-0.0039,,
"EDUC 92F - AMAH, I.A.",-0.004267467,,
"PUB AFF 10 - COVINGTON, K.L.",-0.005634976,,
"MGMTEX 440 - GOLDSTEIN, N.J.",-0.009115015,,
"ECON 122 - MCDEVITT, E.P.",-0.010184934,,
"CHICANO M155A - ORTIZ, V.",-0.010856344,,
"SPAN 170 - DE LA TORRE, L.",-0.011059111,,
"THEATER 120A - OLIVIERI, J.M.",-0.01614491,,
"COM SCI 33 - GHAFORYFARD, P.",-0.01672993,,
"FILM TV 122E - CANNON, P.J.",-0.018531919,,
"MGMTEX 440 - GEIS, G.T.",-0.018818819,,
"EDUC 470A - LONON, E.",-0.0201,,
"PSYCH 136A - SMURDA, J.D.",-0.021267367,,
"EC ENGR 232E - ROYCHOWDHURY, V.P.",-0.022155022,,
"POL SCI 119 - NORTON, A.D.",-0.023376623,,
"NURSING 164 - KNOLL, M.P.",-0.02383017,,
"CHIN M60 - HSU, P.W.",-0.025292308,,
"STATS 421B - MC CLUSKEY, T.J.",-0.0255,,
"CHICANO 100SL - GONZALEZ, O.O.",-0.0261,,
"CHICANO CM106 - CASAS, R.P.",-0.026131926,,
"FILM TV 183A - CRESWICK, A.",-0.0289999,,
"POL SCI 40 - LEUNG, V.",-0.030530531,,
"FILM TV 101A - MALONE, M.E.",-0.033866134,,
"MGMT 88 - FREIXES, G.",-0.034770729,,
"ASIA AM M129 - DO, A.H.",-0.0408,,
"MGMT 180 - FOROUZANDEH, F.",-0.04108961,,
"NURSING 470A - BUSH, N.",-0.0427,,
"RELIGN 11 - POLK, P.",-0.0489,,
"NURSING 50 - JUNG, S.",-0.051259259,,
"ASIA AM 10 - DEGUZMAN, J.",-0.0581,,
"MCD BIO 100 - MCWHORTER, A.L.",-0.062197197,,
"ENGCOMP 1 - DICKEY, D.",-0.062676476,,
"CHEM 96 - CORBIN, B.",-0.064686373,,
"ART HIS C142B - ROSENBLUM, B.T.",-0.069118282,,
"ESL 25 - KELLEY, J.C.",-0.075,,
"CHEM 88A - CORBIN, B.",-0.075995504,,
"MGMTEX 440 - BLEVINS, J.",-0.076826374,,
"NURSING 268 - CUENCA, E.L.",-0.0786,,
"POL SCI 122A - SHEVCHENKO, A.V.",-0.079025948,,
"MGMTEX 440 - LEE, J.J.",-0.08267968,,
"POL SCI 135 - SHEVCHENKO, A.V.",-0.092268232,,
"MGMT 241A - KRAMER, T.D.",-0.0944,,
"MCD BIO 90 - HOOSHMAND, M.J.",-0.094514815,,
"ENGR 116 - DOLECEK, L.",-0.0971,,
"NURSING 165 - JACOB, E.",-0.09875964,,
"MSC IND 112A - PASTER0K, N.J.",-0.098813213,,
"PHYSICS 4BL - ARISAKA, K.",-0.0994996,,
"EDUC 120 - CORTES, A.E.",-0.102908108,,
"URBN PL 141 - 0KAOKA, S.J.",-0.103903904,,
"NURSING 408 - KEE0N, C.K.",-0.1071,,
"MED 185 - HUI, K.P.",-0.110243544,,
"NURSING 465C - SHINNICK, M.A.",-0.113646947,,
"COMM 166 - PETERSON, S.M.",-0.1174,social,
"PHYSCI 136 - ESDIN, J.",-0.119855145,life_science,
"PSYCH 10 - PAQUETTE-SMITH, M.",-0.123148299,social,
"FILM TV 178 - FINELL, M.A.",-0.139374139,humanities,
"MGMT 142A - RAVETCH, D.S.",-0.151887313,other,
"URBN PL 121 - MUKHIJA, V.",-0.152152152,other,
"LING 120C - O'LEARY, M.C.",-0.1615,social,
"ASL 8 - LEWIS, B.J.",-0.172812713,humanities,
"ARCH&UD 401 - ENNEMOSER, B.",-0.1796,other,
"PHYSCI 5 - ESDIN, J.",-0.2476,life_science,
"STATS 100B - ALMOHALWAS, A.M.",-0.261981019,physical,
"MGMT 286 - UNZUETA, M.M.",-0.273961762,other,
"MECH&AE 156A - MAL, A.K.",-0.282824024,engineering,
"SPAN 150 - DE LA TORRE, L.",-0.2883,humanities,
"EDUC 129 - PURDY, W.C.",-0.340559441,social,
"FILM TV 122D - SMALLEY, K.L.",-0.369,humanities,
"WL ARTS 33 - SHORTER, D.D.",-0.381738382,humanities,
"GEOG M149 - OSMAN, T.",-0.425,social,
"MUSC 3 - KROUSE, I.",-0.632,humanities,
"MECH&AE C296A - GHONIEM, N.M.",-0.698985986,engineering,
"DIS STD M148 - SCHOTTMILLER, C.D.",-0.7501,social,
"DIS STD M148 - Schottmiller, C.D.",-0.7501,social,
"MECH&AE C296A - Ghoniem, N.M.",-0.698985986,engineering,
"MUSC 3 - Krouse, I.",-0.632,humanities,
"GEOG M149 - Osman, T.",-0.425,social,
"WL ARTS 33 - Shorter, D.D.",-0.381738382,humanities,
"FILM TV 122D - Smalley, K.L.",-0.369,humanities,
"EDUC 129 - Purdy, W.C.",-0.340559441,social,
"SPAN 150 - De La Torre, L.",-0.2883,humanities,
"MECH&AE 156A - Mal, A.K.",-0.282824024,engineering,
"MGMT 286 - Unzueta, M.M.",-0.273961762,other,
"STATS 100B - Almohalwas, A.M.",-0.261981019,physical,
"PHYSCI 5 - Esdin, J.",-0.2476,life_science,
ARCH&UD 401 - Ennemoser B.,-0.1796,other,
"ASL 8 - Lewis, B.J.",-0.172812713,humanities,
"LING 120C - O'Leary, M.C.",-0.1615,social,
"URBN PL 121 - Mukhija, V.",-0.152152152,other,
"MGMT 142A - Ravetch, D.S.",-0.151887313,other,
"FILM TV 178 - Finell, M.A.",-0.139374139,humanities,
"PSYCH 10 - Paquette-Smith, M.",-0.123148299,social,
"PHYSCI 136 - Esdin, J.",-0.119855145,life_science,
"COMM 166 - Peterson, S.M.",-0.1174,social,
